{
  "Model1": {
    "model_name": "Model1",
    "description": "Normal SP → Normal FOS (Baseline)",
    "features": [
      "Normal Self-Potential Minimum",
      "Normal Self-Potential Maximum"
    ],
    "target": "Normal FOS Maximum",
    "n_samples": 504,
    "algorithms": {
      "Linear Regression": {
        "R2": 0.43170457563649045,
        "RMSE": 0.41018668103423295,
        "MAE": 0.3287462107095596
      },
      "Ridge Regression": {
        "R2": 0.43189347141197165,
        "RMSE": 0.4101185043715669,
        "MAE": 0.3287985586484399
      },
      "Lasso Regression": {
        "R2": 0.39643678186573617,
        "RMSE": 0.42272298005847875,
        "MAE": 0.34454572144609946
      },
      "Random Forest": {
        "R2": 0.803009676383577,
        "RMSE": 0.2414998813218494,
        "MAE": 0.18503033214285722
      },
      "Gradient Boosting": {
        "R2": 0.8146820109137727,
        "RMSE": 0.23423579571301892,
        "MAE": 0.18210203089429988
      },
      "SVR": {
        "R2": 0.8049733771546127,
        "RMSE": 0.2402931690507904,
        "MAE": 0.183223123084438
      }
    },
    "best_algorithm": "Gradient Boosting",
    "best_r2": 0.8146820109137727
  },
  "Model2": {
    "model_name": "Model2",
    "description": "Seepage SP → FOS Degradation Rate",
    "features": [
      "Seepage Self-Potential Minimum",
      "Seepage Self-Potential Maximum"
    ],
    "target": "FOS_Degradation_Rate",
    "n_samples": 504,
    "algorithms": {
      "Linear Regression": {
        "R2": 0.0032835246060956003,
        "RMSE": 0.2567178648090111,
        "MAE": 0.20727045884097287
      },
      "Ridge Regression": {
        "R2": 0.0032889192881073726,
        "RMSE": 0.256717170071262,
        "MAE": 0.20727270187846752
      },
      "Lasso Regression": {
        "R2": -0.00444992666515609,
        "RMSE": 0.2577118681366268,
        "MAE": 0.2095364825745077
      },
      "Random Forest": {
        "R2": 0.5243731537998124,
        "RMSE": 0.1773386725879065,
        "MAE": 0.11409376792643401
      },
      "Gradient Boosting": {
        "R2": 0.5042025630502687,
        "RMSE": 0.1810599566658065,
        "MAE": 0.11894614365149318
      },
      "SVR": {
        "R2": 0.5347391982447338,
        "RMSE": 0.1753955238346233,
        "MAE": 0.1258810731270528
      }
    },
    "best_algorithm": "SVR",
    "best_r2": 0.5347391982447338
  },
  "Model3": {
    "model_name": "Model3",
    "description": "Coupling Field → FOS Degradation Rate",
    "features": [
      "Coupling Electric Field Minimum",
      "Coupling Electric Field Maximum"
    ],
    "target": "FOS_Degradation_Rate",
    "n_samples": 504,
    "algorithms": {
      "Linear Regression": {
        "R2": 0.06365819145981533,
        "RMSE": 0.24882125782141534,
        "MAE": 0.20172806420314557
      },
      "Ridge Regression": {
        "R2": 0.06350998149577713,
        "RMSE": 0.24884094952488398,
        "MAE": 0.20175108870196937
      },
      "Lasso Regression": {
        "R2": -0.00444992666515609,
        "RMSE": 0.2577118681366268,
        "MAE": 0.2095364825745077
      },
      "Random Forest": {
        "R2": 0.4403542022560344,
        "RMSE": 0.19236537212482652,
        "MAE": 0.13027753261380728
      },
      "Gradient Boosting": {
        "R2": 0.4984209544847832,
        "RMSE": 0.18211258782890835,
        "MAE": 0.13609338199379445
      },
      "SVR": {
        "R2": 0.34561688973359417,
        "RMSE": 0.2080110059265246,
        "MAE": 0.15672258332277636
      }
    },
    "best_algorithm": "Gradient Boosting",
    "best_r2": 0.4984209544847832
  },
  "Model4": {
    "model_name": "Model4",
    "description": "SP + Coupling → FOS Degradation Rate",
    "features": [
      "Seepage Self-Potential Minimum",
      "Seepage Self-Potential Maximum",
      "Coupling Electric Field Minimum",
      "Coupling Electric Field Maximum"
    ],
    "target": "FOS_Degradation_Rate",
    "n_samples": 504,
    "algorithms": {
      "Linear Regression": {
        "R2": 0.0676688448673356,
        "RMSE": 0.24828779518453245,
        "MAE": 0.2012097932896301
      },
      "Ridge Regression": {
        "R2": 0.06748335502636038,
        "RMSE": 0.24831249272517228,
        "MAE": 0.20122518501819575
      },
      "Lasso Regression": {
        "R2": -0.00444992666515609,
        "RMSE": 0.2577118681366268,
        "MAE": 0.2095364825745077
      },
      "Random Forest": {
        "R2": 0.5533922964418875,
        "RMSE": 0.17184360638565774,
        "MAE": 0.10687611596063022
      },
      "Gradient Boosting": {
        "R2": 0.63683422016432,
        "RMSE": 0.15496111516868402,
        "MAE": 0.10284365986584315
      },
      "SVR": {
        "R2": 0.5861607288355899,
        "RMSE": 0.1654192790492911,
        "MAE": 0.11330854609933687
      }
    },
    "best_algorithm": "Gradient Boosting",
    "best_r2": 0.63683422016432
  },
  "Model5": {
    "model_name": "Model5",
    "description": "SP + Coupling → FOV (Factor of Vulnerability)",
    "features": [
      "Normal FOS Maximum",
      "Seepage Self-Potential Minimum",
      "Seepage Self-Potential Maximum",
      "Coupling Electric Field Minimum",
      "Coupling Electric Field Maximum"
    ],
    "target": "Actual_Safety_Factor",
    "n_samples": 504,
    "algorithms": {
      "Linear Regression": {
        "R2": 0.9178852023086722,
        "RMSE": 0.1984679240985554,
        "MAE": 0.16244543820398188
      },
      "Ridge Regression": {
        "R2": 0.9177496358413268,
        "RMSE": 0.19863168568839756,
        "MAE": 0.16235916444545162
      },
      "Lasso Regression": {
        "R2": 0.8553648943694111,
        "RMSE": 0.2634004254387416,
        "MAE": 0.21666185127323032
      },
      "Random Forest": {
        "R2": 0.9646160659090031,
        "RMSE": 0.1302814766188962,
        "MAE": 0.08744550000000004
      },
      "Gradient Boosting": {
        "R2": 0.962604240999736,
        "RMSE": 0.13393398465548945,
        "MAE": 0.09543772155723143
      },
      "SVR": {
        "R2": 0.9706933427102779,
        "RMSE": 0.1185667065101824,
        "MAE": 0.08818775850402912
      }
    },
    "best_algorithm": "SVR",
    "best_r2": 0.9706933427102779
  }
}