{"Model1": {"y_test": [1.21, 2.31, 2.0, 1.45, 1.13, 1.06, 1.19, 2.01, 2.085, 2.06, 1.1, 2.51, 2.51, 2.01, 1.93, 1.96, 1.86, 2.31, 1.65, 2.01, 2.03, 2.36, 2.735, 1.1325, 1.985, 1.61, 1.79, 2.1900000000000004, 1.935, 1.65, 1.39, 1.29, 1.24, 2.36, 2.849999999999999, 1.61, 1.26, 1.985, 1.27, 2.41, 1.97, 2.8799999999999994, 2.51, 1.05, 1.12, 1.28, 1.67, 1.06, 1.36, 1.11, 1.385, 1.14, 1.04, 1.0399999999999998, 1.0399999999999998, 1.06, 1.14, 1.5999999999999996, 1.07, 1.0499999999999998, 1.08, 1.03, 1.02, 1.43, 1.46, 1.3699999999999997, 1.0799999999999998, 1.07, 1.05, 1.03, 1.7899999999999998, 1.2199999999999998, 1.0299999999999998, 1.04, 1.03, 1.02, 1.0599999999999998, 1.0599999999999998, 1.0399999999999998, 1.0499999999999998, 1.6599999999999997, 2.25, 1.0599999999999998, 1.0599999999999998, 2.0, 1.7499999999999998, 1.0299999999999998, 1.2, 1.0299999999999998, 3.17, 2.42, 1.0699999999999998, 1.0499999999999998, 1.0499999999999998, 1.6199999999999997, 1.0499999999999998, 1.93, 2.15, 1.0599999999999998, 2.06], "y_pred": [1.142316901547094, 2.1790562600474015, 1.6397675105916858, 1.4402704678328169, 1.0948199731624213, 1.3735705199173753, 1.0924814807830616, 1.8331055844959963, 1.813549575891531, 1.6454135323333279, 1.0468050558816069, 2.3014510496461362, 2.274447685634828, 1.8331055844959963, 1.637065108953846, 1.6148027748229985, 1.76523672774735, 1.8644385609147034, 1.5079121607101686, 1.8546877932593058, 1.9354812472097491, 2.6451978117606574, 2.2865856328731584, 1.1117823018270536, 1.9052466598481157, 1.455412275134574, 1.6012091517715605, 1.9086263402097532, 2.032878764109567, 1.462108167435558, 1.1698134955028827, 1.1186658494553838, 1.0904814807830616, 2.2411178518810875, 2.409904612552448, 1.6489266100298297, 1.1351460266670024, 1.4505478269642194, 1.1698134955028827, 1.8917247528714052, 1.8214116600144477, 2.409904612552448, 2.331291884696807, 1.0643865303835922, 1.0974338007227524, 1.1186658494553838, 1.6397675105916858, 1.1186658494553838, 1.637065108953846, 1.0980329212720672, 1.5368834290202211, 1.100226718692753, 1.4780008762143446, 1.1256941936964373, 1.52440880666418, 1.1186658494553838, 1.4152426586606897, 1.6238776540898618, 1.2659337363284968, 1.1186658494553838, 1.462108167435558, 1.1186658494553838, 1.1186658494553838, 1.6148027748229985, 1.6090878538147155, 1.5841598235549306, 1.0793284070400566, 1.2204482851347978, 1.1001282684279203, 1.1174657854455474, 1.9697027465414325, 1.8730733748363686, 1.3142662265651979, 1.1186658494553838, 1.2204482851347978, 1.1186658494553838, 1.1186658494553838, 1.4780008762143446, 1.0904814807830616, 1.1001616548238529, 1.3922679436835381, 2.1937435754306964, 1.4505478269642194, 1.0948199731624213, 1.8730733748363686, 1.52440880666418, 1.1013704673894191, 1.3561594057731394, 1.0888477797540215, 2.8388557877323004, 2.729245897923656, 1.0980329212720672, 1.0980329212720672, 1.462108167435558, 1.5913945532280869, 1.5268327877996428, 1.8848952230665519, 2.200677076897274, 1.1256941936964373, 1.9812918419953354], "r2": 0.8146820109137727}, "Model2": {"y_test": [0.11570247933884308, -0.04329004329004333, -0.020000000000000018, 0.0, 0.7455752212389382, 0.8962264150943393, 0.1764705882352941, -0.01990049751243772, -0.04916067146282976, -0.024271844660194303, 0.06363636363636349, 0.07968127490039849, -0.10956175298804778, 0.0248756218905474, 0.06735751295336793, -0.056122448979591774, 0.05376344086021498, -0.0649350649350649, 0.1575757575757576, -0.029850746268656636, -0.04679802955665013, -0.021186440677966028, 0.08226691042047536, 0.3156732891832229, 0.037783375314861437, 0.012422360248447077, 0.0949720670391061, 0.15182648401826462, 0.012919896640826828, 0.24848484848484859, 0.3561151079136692, 0.45155038759689925, 0.25000000000000006, 0.08474576271186449, 0.038596491228070455, 0.20186335403726705, 0.1984126984126984, 0.1007556675062972, 0.6220472440944882, -0.10373443983402489, -0.0304568527918782, 0.010416666666666909, 0.07968127490039849, 0.04761904761904766, -0.008928571428571435, 0.19921874999999992, 0.053892215568862326, 0.047169811320754755, 0.2573529411764706, 0.06531531531531531, 0.032490974729241826, 0.14912280701754402, 0.75, 0.04807692307692334, 0.5192307692307694, 0.5283018867924524, 0.4912280701754383, -0.02499999999999989, 0.5607476635514017, 0.03809523809523835, 0.4074074074074071, 0.4368932038834949, 0.5588235294117647, -0.04895104895104884, -0.03424657534246594, -0.0218978102189778, 0.1759259259259259, 0.6822429906542054, 0.06666666666666672, 0.038834951456310496, -0.03351955307262573, 0.6065573770491807, 0.6407766990291265, 0.4615384615384615, 0.4563106796116502, 0.5588235294117647, 0.10377358490566027, 0.7641509433962268, 0.009615384615384626, 0.4476190476190477, 0.18072289156626525, 0.08000000000000007, 0.877358490566038, 0.4811320754716984, 0.07000000000000006, 0.00571428571428572, 0.0, 0.6833333333333335, 0.07766990291262166, -0.028391167192428977, -0.02892561983471068, 0.2710280373831779, 0.4285714285714286, 0.5904761904761907, 0.006172839506172983, 0.7238095238095241, 0.06735751295336793, 0.09302325581395357, 0.03773584905660402, 0.053398058252427126], "y_pred": [0.22679865481524142, -0.062364032464327264, 0.02466611940187729, 0.13623345368727463, 0.15317338922546625, 0.33048629672434576, 0.23946834864165725, -0.06110004294079758, -0.0231406604178876, 0.03638940363641901, 0.15134615914596364, 0.13592179674675658, -0.04893930300313438, -0.06333361448614078, 0.12052193924644711, 0.021676891599252505, 0.15476824046567234, 0.05484969842012415, 0.2408066081938332, -0.054163075399440715, -0.07127488742397431, -0.041654734635777575, 0.09160976893041467, 0.17727688386025903, 0.09190043246576801, -0.13116945437945043, 0.22322098888155756, 0.24776416299796306, -0.0837956535151449, 0.34475139456381493, 0.33293391299544356, 0.3583474034820329, 0.28341015893165566, 0.0661374246945649, 0.005606653856265402, 0.21477168032711064, 0.29290602464720605, 0.30280209373190786, 0.41470159473992624, -0.05343936749685325, -0.08045184765460717, -0.003947167297002792, -0.028151162415249016, 0.05418357088374109, 0.039141012826817895, 0.32567319302634573, 0.018628641183704157, -0.06334637758347988, 0.13651577243286622, 0.22596455129484005, -0.11058342045244979, 0.27927557719003343, 0.3300636715048228, -0.030082487896269737, 0.21034106709487627, 0.4178572984815038, 0.3953465951218748, 0.04473594130248209, 0.4152848672395822, -0.027777990626501776, 0.3238145220847802, 0.38398690574564803, 0.4078572496469767, 0.01573993030555037, -0.023261266261374987, 0.1285132497955876, 0.3008268362116173, 0.4310334437090882, 0.11503302496804158, 0.1636145628841849, 0.04337752258270549, 0.14539905462153407, 0.4148241628489154, 0.36874858675099914, 0.385387559629293, 0.40785724964698483, 0.3166312321881312, 0.3341340800620986, 0.23993500000648704, 0.21294633762252374, 0.3461778415655244, 0.004401975301328624, 0.31000335442503263, 0.3009646458919476, 0.14245346405882414, 0.20037638531887342, 0.031181249540316473, 0.37652688627142156, 0.17018846922498312, 0.03904580608544605, -0.026381358662269157, 0.20660816578153995, 0.2802201712944374, 0.3053474731073151, 0.12434548903316628, 0.31048430945309763, 0.0812934997663794, 0.05152637931823694, -0.0016149984406871945, 0.1754133789861257], "r2": 0.5347391982447338},